{"segment": 1, "return": 0.26802269199999973, "cagr": 0.052469216716671374, "sharpe": 0.5667202413637338, "max_dd": 0.12214031863829912}