{"segment": 2, "return": 0.5311896890000007, "cagr": 0.08916109270907535, "sharpe": 0.931624223911824, "max_dd": 0.18724301865756227}