{"segment": 3, "return": 0.19701473200000041, "cagr": 0.036707723577929174, "sharpe": 0.4753345267333882, "max_dd": 0.14153467402907371}