{"segment": 4, "return": 0.6200236249999993, "cagr": 0.08276484856671917, "sharpe": 0.8145472852475142, "max_dd": 0.1320607085405837}