{"segment": 2, "return": -0.26907789400000004, "cagr": -0.060902439284997834, "sharpe": -0.45372326603504265, "max_dd": 0.40831343114316093}