{"segment": 3, "return": -0.21162630500000035, "cagr": -0.04654928566520855, "sharpe": -0.40214630684786784, "max_dd": 0.3309165350000003}