{"segment": 4, "return": 0.012563503999999837, "cagr": 0.002059985824905075, "sharpe": 0.06542263334571854, "max_dd": 0.14213610851228572}