{"segment": 1, "return": 0.4960123649999999, "cagr": 0.09062132010041757, "sharpe": 0.4957572782040442, "max_dd": 0.32105167666155626}