{"segment": 2, "return": 1.109437154, "cagr": 0.16140729213086957, "sharpe": 0.9352015870961318, "max_dd": 0.2500590795366175}