{"segment": 3, "return": 0.234074208, "cagr": 0.04306378660537802, "sharpe": 0.3844684271786281, "max_dd": 0.31882997785882833}