{"segment": 4, "return": 1.7652377439999998, "cagr": 0.18251897110797022, "sharpe": 0.9640243326076099, "max_dd": 0.21710872636485548}