{"segment": 1, "return": -0.08888914900000067, "cagr": -0.019848359669533022, "sharpe": -0.27688222896387626, "max_dd": 0.19714493112138398}