{"segment": 2, "return": -0.049862612999999834, "cagr": -0.010201210353028123, "sharpe": -0.04332608072157699, "max_dd": 0.196149533657144}