{"segment": 3, "return": -0.04204989399999981, "cagr": -0.008574981586367603, "sharpe": -0.03819186906778105, "max_dd": 0.2525950275532885}