{"segment": 4, "return": 0.05960134100000003, "cagr": 0.009587785173955643, "sharpe": 0.20005361935956317, "max_dd": 0.1337536121745434}